"","ARP5_DELETION2","ARP5_DELETION2CLONE4","ARP5_DELETION3CLONE2","ARP5_DELETION3CLONE3","ARP6_DELETION","ARP8_DELETIONCLONE1","ARP8_DELETIONCLONE4","ASF1_DELETION","AVO2_DELETION","BIT61_DELETION","ESA1_DAMP","HTZ1_DAMP","HTZ1_DELETION","HTZ1_DELETION2BATCH","IES1_DELETION","IES2_DELETION","IES3_DELETION","IES4_DELETION","IES5_DELETION","IES6_DELETION1CLONE1","IES6_DELETION2CLONE2","IES6_DELETION3","IES6_DELETION4","IES6_DELETION6","IES6_K145|166A","INO80_HASCLONE1","INO80_HASCLONE2","INO80_HASCLONE3","INO80_NTERM","INO80_SPACERCLONE3","ISW1_DELETION","ISW2_DELETION","KOG1_DAMP","LDB7_DELETION","LST8_DAMP","NHP10_DELETION","NPL6_DAMP","RIM15_DELETIONCLONE1","RIM15_DELETIONCLONE2","RRD1_DELETION","RSC3_DAMP","RSC4_DAMP","RSC58_DAMP","RSC6_DAMP","RTT109_DELETION","RVB1_DAMP","SCH9_DELETION","SET3_DELETION","SLM1_DELETION","STH1_DAMP","SWC3_DELETION","SWC5_DELETION","SWC7_DELETION","SWR1_DELETIONCLONE1","SWR1_DELETIONCLONE2","TCO89_DELETION","TOR1_DELETION","TOR2_DAMPCLONE1","TOR2_DAMPCLONE2","TOR2_DELETIONANOSENS","TPK1_DELETION","TPK1_DELETIONCLONE1","TPK1_DELETIONCLONE2","TPK3_DAMP","VPS71_DELETION","VPS72_DELETION","VPS72_DELETION2","VPS72_YL1C"
"ARP5_DELETION2",NA,0.207682197753309,0.120168929937261,0.126750852012544,0.0661886355842399,0.108234126719899,0.133596984397868,0.179803249216461,-0.0151787410836455,-0.0406145694419668,-0.158991144566414,0.0498381999289199,-0.0167968105223568,0.119695069828546,-0.000368823947365368,0.0308091899840276,0.0205306235714959,0.022569833803543,0.0942852126398375,-0.192354851779093,-0.072285929369356,-0.01567557861939,NA,NA,-0.0310944177778946,0.157211385403469,-0.0261843663836394,-0.0124735200534828,0.078590297178943,0.113928860754021,-0.106439664205365,-0.146609663996025,-0.0905026546888142,0.0383762974074278,-0.144483949493684,-0.0314476391591968,-0.103086435048285,0.0122009663355886,0.0190350361112289,0.00270571120139483,-0.0486081788173413,-0.245506418030692,0.0476001269487883,0.156708202236027,0.0256041170378869,0.033681682990772,0.0785041120500636,-0.0237214641115018,-0.102354209348831,-0.050259109236111,-0.0370579382527629,0.0322757408892693,-0.0220722406475981,0.142284059522439,0.0858569017157551,-0.0663663731757506,-0.119378760816027,-0.131709706045644,-0.0416029187298501,-0.0979312783181796,-0.171269182452223,-0.0250550283270016,-0.0793795679472851,-0.147262522414434,0.104474094310395,0.0792938457577275,0.095358724409802,0.0334555829965034
"ARP5_DELETION2CLONE4",0.207682197753309,NA,0.574337306560763,0.60048130911019,0.0130686608217917,0.458031957391357,0.621070248642177,0.190237608236784,-0.0797171597096414,-0.0699475567160568,-0.0929158540838068,0.211286830126564,0.0303043806299,0.308499895141218,0.138707840239196,0.0503464274455798,0.0579595378619013,0.0671507622369715,0.0787493045758861,-0.312491645089782,-0.0935760258906334,-0.185359826085461,NA,NA,-0.127172332536457,0.279064606058609,-0.105966312213803,0.0338360891969927,0.121050370651864,0.314737062413832,-0.0150057788296087,0.0128945145904586,-0.0285131026012312,0.0390656017967538,-0.0147604246453417,-0.00010151529167127,-0.0356222418424378,-0.078839000791155,-0.0662317024596445,-0.0832636012441796,-0.0426387431288,-0.128283357769551,0.115533071335734,0.247780282666732,0.00260838402241168,0.0574807725415221,-0.0158537747270631,-0.00265600483543792,-0.0165682020474995,-0.0446608061437125,0.00620638817148484,-0.0531438225153427,0.0996014366110547,0.112253709534698,0.0237388856125936,-0.0199389588441621,-0.0389586076016622,-0.342864517780562,-0.117838234309998,-0.305218606969781,-0.0451601165920098,-0.114251939768486,-0.242329633794747,-0.126791871029579,0.105643871311142,-0.00483981905837685,0.0975592697962523,-0.0794773645282189
"ARP5_DELETION3CLONE2",0.120168929937261,0.574337306560763,NA,0.503826190078225,-0.0211701215794146,0.444269326553568,0.579570894706429,0.262012520427404,-0.0111404467915989,-0.0743206285827885,-0.0289825362504484,0.198857874813341,0.039734827026266,0.2497029347296,0.105192944174044,0.110008804886566,0.0485828340565416,0.02452183600486,0.0735517021362529,-0.245061347850008,-0.0850602395844332,-0.247515299579851,NA,NA,-0.10495615996253,0.198113490845613,-0.0481218025857865,0.0564025878720705,0.00201609455948584,0.257057742597927,0.0509879077171294,0.059549916188879,0.0529734289733812,0.129110961073141,-0.00296155927149474,-0.0661825221026278,0.0735631830760553,-0.0728269610734397,-0.121956871885937,-0.105026216101638,-0.054730259410428,-0.0751885491364571,0.0112336311935795,0.192715556672508,-0.00296210001914389,0.0457681825779413,-0.0229180272416293,-0.0632393744508807,-0.0707722534622209,0.000119921837936728,-0.0365590643681835,-0.038844186328714,-0.0364183259481978,0.0779479259889258,-0.0786432835658577,0.117998258096841,-0.0108787618717004,-0.308142257601141,-0.145152589185801,-0.203306485819313,0.00379938036104959,-0.17458119991251,-0.28521050608268,-0.0631230261287443,-0.00237030696167512,-0.0736128860800503,0.0196849374874697,-0.100446376653383
"ARP5_DELETION3CLONE3",0.126750852012544,0.60048130911019,0.503826190078225,NA,-0.0563508540017505,0.31549657313059,0.504268646035418,0.157035403588982,-0.0422999424517096,-0.0556051123474183,-0.00694239787445365,0.28597795460261,0.070830836374991,0.262115892440812,0.111444869487624,0.0559066005886826,-0.00786711255241793,0.0230853679792209,0.129184991066913,-0.331967771983574,-0.114650508732092,-0.152075574667258,NA,NA,-0.128218057228261,0.256454745844101,-0.0310203634920671,0.0624239811324861,0.0594189534010052,0.277151670966011,0.0553820975139844,0.0293244446426695,0.0632989878930053,0.0653845000629961,-0.0470429240146201,-0.0102034914769187,0.029337190761745,-0.113915956886142,-0.104580886697039,-0.101357587249286,-0.0527568152761975,-0.141886152760606,0.0571420436798638,0.179051318060491,0.0349565098695352,0.047038009939886,-0.0444459482818949,-0.0140653465605323,-0.0673083689077381,-0.108135994298573,-0.0425169853237135,-0.0319962577863371,0.0423492008873922,0.0667086032632898,0.0384767597938484,0.0166163840738943,-0.0205235173617422,-0.384141553954002,-0.19636283531703,-0.268259695687221,0.00817198699591424,-0.121881410396624,-0.309903338907178,-0.0598335456433542,0.116878350255701,-0.0149693816282121,0.105062605585996,-0.0875072420151759
"ARP6_DELETION",0.0661886355842399,0.0130686608217917,-0.0211701215794146,-0.0563508540017505,NA,0.0106808301113889,0.0252611135788945,0.00841898995019137,-0.105723754804358,-0.123150989195624,0.0775671878002606,0.125598826311007,0.0947471675841613,0.179471249775384,0.00296855806836395,0.202284339106376,0.0386137845208079,-0.11008922251366,-0.0313046217474557,-0.0736939188851467,-0.0698723314675569,-0.0869649663717621,NA,NA,-0.219571459782101,0.00111302650594931,-0.0387103210823578,-0.0445918240422002,0.0453809703518834,0.0517925112651136,0.000268574584124141,0.0233780595771962,-0.0972274962517019,0.0643069920148006,-0.0483054440509329,-0.117901542637894,-0.0915693872190836,0.0592624773730186,-0.0956503697153567,-0.0282634254267211,-0.0737757845270444,0.0366708053181636,-0.020315205997615,-0.106291601193957,-0.0880646895649934,-0.16833076228336,0.0764219382941498,0.000843592012019099,-0.117514444046767,-0.0512296321130897,0.167417657704239,0.255245216105056,-0.0574241904100423,0.445261560143097,0.362000244508644,-0.0904784897449998,0.0896965696553669,0.0832058995095894,-0.11530537276931,-0.0360323421536487,-0.170622517943134,0.0482957798619105,0.0496917332089224,-0.0329125480736883,0.186925620775034,-0.0281050854502465,0.349513373319212,0.0565850570968903
"ARP8_DELETIONCLONE1",0.108234126719899,0.458031957391357,0.444269326553568,0.31549657313059,0.0106808301113889,NA,0.606381698270126,0.194833943084021,-0.0630354198704293,-0.00861889659089682,-0.0688759103189404,0.165452747724608,0.0347145347039627,0.243392239811774,-0.00562480564219849,0.05728967415046,0.0235623642114824,0.0775079899022357,0.00366856009180616,-0.207304330865641,-0.0747107246563669,-0.159972580346041,NA,NA,-0.0755660039860895,0.244351001076221,0.0623722608218741,0.144450153026337,-0.0271457373022798,0.247812537471493,0.0187539713623794,0.0205557823216374,-0.0459890709718942,0.0513184513804792,-0.0252994036312637,-0.0116517196874186,0.040680349271278,-0.0637490493801239,-0.10765745766395,-0.0887609182127001,-0.0412123396910199,-0.108669820771598,0.0459567708468241,0.110286371475693,-0.000164776547908075,0.0497057319839264,0.0166188913420814,0.0394751164261019,-0.0260425972205197,0.0143389487711266,0.0100212667090452,-0.0385847933132323,0.0215486347145421,0.0610091566065111,-0.0246691936552398,0.0334057596575524,0.0243942809238149,-0.258885837698204,-0.0663606143731245,-0.173580539343578,0.0174520445888971,-0.159494505918165,-0.218306449207653,-0.0285614454065597,0.0573503527542944,0.0244171243702216,-0.0129457578742447,0.0174077219420572
"ARP8_DELETIONCLONE4",0.133596984397868,0.621070248642177,0.579570894706429,0.504268646035418,0.0252611135788945,0.606381698270126,NA,0.181163304763393,-0.117464275756195,-0.0482647025931448,-0.0821965699186444,0.27425081986523,0.0292059320564628,0.323382627793942,0.130478370165729,0.0384459654269494,0.0594953577471991,0.0511192712872047,0.0333110077779464,-0.249545272164414,-0.0935757124560243,-0.19113724895658,NA,NA,-0.0642686471006023,0.253008457554009,0.031672966017239,0.0734320544723296,0.0286364465907152,0.337120830139569,-0.0285570314490905,0.00473957322521638,-0.00281088580300355,0.0766832695058059,-0.0467006794365659,-0.00245173264658752,-0.00620786012357378,-0.0205247612084339,-0.0701826011173255,-0.0880145519738337,0.00402417850068774,-0.108803566975801,0.0793152537938138,0.176704841118886,-0.0146200355269906,0.0171320472370042,-0.00251742513800199,0.0400957036895954,-0.0272535973263319,-0.0169181812889105,-0.0239024584370363,-0.0393198707058887,0.0485120686222482,0.108577850659737,0.0203358476503882,0.0567528070196594,-0.0282504338953991,-0.316123890948949,-0.0590618645028516,-0.250069423404573,-0.0266829949418718,-0.118937929510685,-0.185713800746001,-0.0518471984388345,0.0830042560747536,0.017549637872753,0.0466531329332917,-0.0689687015729276
"ASF1_DELETION",0.179803249216461,0.190237608236784,0.262012520427404,0.157035403588982,0.00841898995019137,0.194833943084021,0.181163304763393,NA,-0.0457650647191713,-0.0266101918296126,-0.113467141915374,0.1388442425678,-0.0233973758510371,0.148455779014107,0.0360726082612668,-0.00402677473240187,0.0151166558351487,-0.100871792108598,0.038725326831239,-0.0991503445476386,-0.0322490954521235,-0.0900992922926473,NA,NA,-0.0786602456826267,0.163216232764359,0.042867802913309,0.0945380223587169,0.04166677591796,0.129769452277622,0.110556114671037,0.0820655379167613,0.0681395111005944,0.0318968891475936,0.0324657702406493,0.0061871886818654,-0.0213481726593204,0.024798007349427,0.0368349311000522,-0.0205183711630276,-0.0451073173342611,-0.220133494736506,0.00495520743590771,0.200037927496742,0.299890385394879,0.0201154729246705,0.00157831998735023,0.030884879607294,-0.0612117610737729,-0.090093410490516,-0.0417595994002108,0.0781115997205729,0.0379631719732237,0.0835256693287113,0.0256596564183786,-0.0581936996023789,-0.0289524437012036,-0.201861883772286,0.00683473325124422,-0.124335265259027,-0.0655256786093485,-0.0481672301770523,-0.143162686911384,-0.105532425250597,0.0529408833999454,0.0722219455905502,0.0634252240723261,-0.0956980601185915
"AVO2_DELETION",-0.0151787410836455,-0.0797171597096414,-0.0111404467915989,-0.0422999424517096,-0.105723754804358,-0.0630354198704293,-0.117464275756195,-0.0457650647191713,NA,-0.0579803202036066,0.0550373781541435,-0.0351885064053498,-0.160463711358279,-0.0622725444272021,-0.0742478982350262,-0.011896169927459,-0.0111910839679479,-0.0640826627797411,0.103280759095494,0.0934734790154392,0.250058834266399,0.147659312461053,NA,NA,0.0300954622547337,-0.0791535834994225,0.021198686436738,-0.0444216180445982,-0.0858072628503668,-0.0823357413141666,-0.013794235407258,0.00505604894049016,-0.0166946169411801,-0.113813085955879,0.0315833301773015,-0.0919324206382329,0.012246300497522,-0.00609350052139666,0.0656539153102787,0.0883842622973319,0.0527306953057718,-0.0144929868608145,0.0121493925063691,-0.0037613232786127,0.0811350573089473,0.193798390942474,-0.0185391247783219,0.0513099995496012,0.07644168088676,0.0369904516355068,0.070712914931893,-0.0891191352318863,0.100992669285632,-0.0626070396501197,-0.0753873266232902,-0.0172688932609963,0.0839411962344909,0.00588340583784516,-0.042943728416195,0.104963185288052,-0.0492253434614832,0.0408015608669366,-0.0550616684774565,0.0872480980129676,0.0547245360036674,-0.0639426080935513,-0.0949511025080005,0.0853612953941113
"BIT61_DELETION",-0.0406145694419668,-0.0699475567160568,-0.0743206285827885,-0.0556051123474183,-0.123150989195624,-0.00861889659089682,-0.0482647025931448,-0.0266101918296126,-0.0579803202036066,NA,0.0615154226243608,-0.0276350010892231,-0.0582786158085545,-0.125148041705662,-0.0393757573978736,-0.0626119399247281,-0.0820244363051998,0.0171548301184339,-0.0886100031668921,0.010630612218792,-0.103816721980283,-0.0657626381271092,NA,NA,0.10228772292801,0.0127315999860971,0.024116267192651,0.165469900807916,0.00597952110067354,-0.0242976347812623,0.0675147906574627,0.0260924839463326,0.0865831905773893,-0.0398968806154258,0.0980213587357297,0.0562470922731318,-0.0381261790182851,0.00625810967620517,0.0686353913349892,0.0736963284250049,0.0465543289724249,0.0386489092178458,-0.112588503959305,-0.0957394707625986,0.0158544010629109,-0.0306928367369059,-0.0596021062409438,0.0594388002588362,0.148060491323972,0.050308563271795,-0.183302121736225,-0.032214663445999,0.0558334201588566,-0.0896622214612846,-0.0413165214007449,-0.0596523099330489,-0.0238060933478007,-0.0772184476044264,-0.0256899693958063,0.00575657102286835,0.0486357618520277,0.0356914375674355,0.0463312274396207,0.0962550670998469,-0.115510780423922,-0.0240825275683521,0.0439286002654623,-0.14531833027772
"ESA1_DAMP",-0.158991144566414,-0.0929158540838068,-0.0289825362504484,-0.00694239787445365,0.0775671878002606,-0.0688759103189404,-0.0821965699186444,-0.113467141915374,0.0550373781541435,0.0615154226243608,NA,0.0464151183223261,-0.106978156855295,-0.114362265971728,-0.0545744329705948,0.2671430694823,-0.0281703288409259,-0.0546494558850172,0.0120766302073453,0.0860327157035124,0.0587859408372917,-0.11059786188083,NA,NA,-0.179714955281993,-0.145409564333992,0.0985484851195286,-0.0266263581831868,-0.0816878494578244,-0.091189081779106,0.124456803204926,0.0652547209348461,0.210913705818591,0.0528118808064425,0.218128704401948,0.0140772160198819,0.202501215850653,-0.120908133218132,-0.139304906792168,-0.159736899776965,-0.142118938501858,0.100817556872134,-0.0530177229312513,-0.173180155483358,-0.0325949869394207,-0.124649408311533,0.0172904086696649,-0.137333894833998,-0.171837313883753,-0.0731593082831453,-0.0550097449222114,0.0313376666075006,-0.117688554160472,-0.0359052134361429,-0.00471981448763399,-0.0419781590966095,0.0317306093380549,0.0998998227473695,-0.230756622180336,0.0833318933727248,-0.0223012452023475,0.0367484977619277,-0.0929927395900206,0.0311672345077093,-0.0483391544326562,-0.343623074471634,0.102762229701828,0.00748369750454309
"HTZ1_DAMP",0.0498381999289199,0.211286830126564,0.198857874813341,0.28597795460261,0.125598826311007,0.165452747724608,0.27425081986523,0.1388442425678,-0.0351885064053498,-0.0276350010892231,0.0464151183223261,NA,0.0140092788199695,0.607378283717349,0.0723942913786071,-0.00447601028024162,0.103215657678261,-0.0272073753474065,0.0921994006245065,-0.184873946435586,0.0105026951009164,-0.139154531084772,NA,NA,-0.13219377612301,0.432122043781566,0.128881201723925,0.111076181452682,0.120388668310228,0.387312419897859,0.034195416859539,0.00151139721737279,0.0834760264756395,0.0801391657933497,0.0713514294036634,0.0596309026916308,-0.102346875299128,-0.0352826705427574,-0.115374206876893,-0.0643696344537448,-0.115119189217379,-0.144245751928503,0.0560452764147375,0.0951014559058041,0.0430897368392609,-0.0324291885794516,0.0359068599651174,0.0941397763656063,-0.14157431716424,-0.108190670230222,0.0946880690694156,0.125859169448737,-0.073346245800704,0.272084172604423,0.136727918617858,0.0145654754773566,0.0787396897538738,-0.21267436747845,-0.237961762900345,-0.0905868122379412,-0.227509915901434,-0.0169120427675081,-0.204597446052147,-0.117837482363319,0.18371818807657,0.114638644072767,0.197689693588765,0.0313643073559371
"HTZ1_DELETION",-0.0167968105223568,0.0303043806299,0.039734827026266,0.070830836374991,0.0947471675841613,0.0347145347039627,0.0292059320564628,-0.0233973758510371,-0.160463711358279,-0.0582786158085545,-0.106978156855295,0.0140092788199695,NA,0.118831392615563,-0.152931816152336,0.0408293734328469,-0.0743868176599575,0.023755229231552,-0.120545738166442,-0.0733534026070413,-0.0591001788469859,-0.0167444148975564,NA,NA,-0.180809678285235,0.0350453951172407,-0.00244057630140736,0.0222910258987811,-0.0536380424404516,0.0988500192521339,-0.0717134074613557,-0.00860083081990786,-0.0775397323231985,0.152207366145771,-0.128755178082237,-0.103822333737471,-0.000108043182751031,-0.00137606618357819,-0.0225162908090149,-0.0253136761048136,-0.123346195221764,-0.0899420283362461,-0.110336908597361,0.084495970326973,-0.0006412437888964,-0.0378741630265232,0.0399595490429678,-0.0412002219943466,-0.0869366103688325,-0.12797725778294,0.0513614502018412,0.221576213587386,0.0336132291538313,0.0554650692328355,0.115308749386894,-0.0668019331196645,-0.0053516513073341,0.0352658939548155,-0.00114711124556804,0.00330801827532632,0.0354594262979128,-0.0580713066650369,-0.0048688030505308,-0.000214405172226673,0.135429612132914,-0.00509815636215499,0.056388181707304,0.00472040012886432
"HTZ1_DELETION2BATCH",0.119695069828546,0.308499895141218,0.2497029347296,0.262115892440812,0.179471249775384,0.243392239811774,0.323382627793942,0.148455779014107,-0.0622725444272021,-0.125148041705662,-0.114362265971728,0.607378283717349,0.118831392615563,NA,0.146750871808812,-0.000981934750108471,0.0850042366295047,-0.0124502308805187,0.120462612383191,-0.253790096444636,-0.00958089467391097,-0.139838890406462,NA,NA,-0.14110970840372,0.414237863062854,0.0869225407977681,0.116996692440302,0.097650592732371,0.32971834560604,-0.00864990703122554,0.0332096554915015,0.00320813894603002,0.142199152456227,-0.0488520991132279,-0.0275540607313027,-0.0628514240504574,-0.0125794475819641,-0.113245322420692,-0.0580569367496593,-0.0701190118654699,-0.176126938438263,0.120639690878537,0.196510929362324,0.0226430975653901,0.00224888633446362,0.0320426779959672,0.0587210031697189,-0.0487796968557444,-0.093057783138476,0.0749463522479342,0.144417069438881,0.0208987534039685,0.251072590736893,0.129461092132162,0.0615901829654084,0.0698313302700634,-0.219572718919396,-0.115274972951007,-0.287219412698831,-0.14408099196038,-0.0441708850249848,-0.148510307068987,-0.119060906847506,0.149051238153059,0.0783986169808838,0.153578889665949,-0.047943474045898
"IES1_DELETION",-0.000368823947365368,0.138707840239196,0.105192944174044,0.111444869487624,0.00296855806836395,-0.00562480564219849,0.130478370165729,0.0360726082612668,-0.0742478982350262,-0.0393757573978736,-0.0545744329705948,0.0723942913786071,-0.152931816152336,0.146750871808812,NA,0.0721755856876804,0.218682414376807,0.00859557473693165,0.385798901810137,-0.0662525975956036,-0.00299991969434958,0.100606260813254,NA,NA,0.100609670948328,0.067991748436716,-0.0149545671947284,-0.00644024202128379,0.280204508770673,0.0677492516195075,-0.0987089842799443,-0.0370812184351416,-0.0735573793832812,-0.0310068230869583,-0.122382953072714,0.27047892646541,-0.140882690963605,0.0449769778304115,0.144557524996079,-0.0860605559969783,0.0531782916708737,-0.0481466739854994,0.133780596827169,0.0445642038616753,-0.0481461393367262,0.0237202530062028,0.0250971216918827,-0.0171074656662104,-0.0653724080207505,0.0516756737819259,-0.0328727643505265,-0.0929211751511651,0.0335130739934505,-0.0399630123391509,0.000287480714119382,-0.0902628313463442,-0.147001556618223,-0.0737049685748848,-0.0286292766944565,-0.0750899318542549,-0.155229992406706,0.0671711835008622,-0.0181175733925784,-0.110611750737658,-0.03640175604745,0.0897572897031774,-0.00716406298006257,-0.0278980263010559
"IES2_DELETION",0.0308091899840276,0.0503464274455798,0.110008804886566,0.0559066005886826,0.202284339106376,0.05728967415046,0.0384459654269494,-0.00402677473240187,-0.011896169927459,-0.0626119399247281,0.2671430694823,-0.00447601028024162,0.0408293734328469,-0.000981934750108471,0.0721755856876804,NA,-0.00106722939686454,0.0767961010034887,0.0348433946583854,0.0106231319807228,0.053189224011665,-0.0888310730653183,NA,NA,-0.258161126420172,-0.075518634601803,-0.0707802609471274,-0.0694912872690059,-0.0884256444278495,-0.042030619871989,0.0736032865489495,0.0788002534402804,-0.0177384932199538,0.0198039862175811,-0.0678770568613931,-0.0245957384091918,0.159370760758765,-0.0936523542668097,-0.151340314776955,-0.154753256812676,-0.0742732283430761,0.0595168007602886,0.0163521551016909,-0.140489199174714,-0.0127418745239877,-0.103897266048533,-0.0551411502790103,-0.0459102919713468,0.0230202588589022,-0.0200680311811183,-0.0473207949186531,0.138710673913482,-0.0245789366827992,0.0340004683970835,0.0530954529746452,0.0414746336177625,0.0440716186742151,0.029874827489468,-0.0671228668257379,-0.013735322381356,0.104650846911888,0.0124949022133741,-0.103492623418939,0.0523484201145367,0.0724335633570203,-0.207197973469016,0.0842454742073661,-0.00728649612432688
"IES3_DELETION",0.0205306235714959,0.0579595378619013,0.0485828340565416,-0.00786711255241793,0.0386137845208079,0.0235623642114824,0.0594953577471991,0.0151166558351487,-0.0111910839679479,-0.0820244363051998,-0.0281703288409259,0.103215657678261,-0.0743868176599575,0.0850042366295047,0.218682414376807,-0.00106722939686454,NA,0.0761880863856868,0.203052846536084,-0.00994148172567421,0.0249409044773803,0.0192529391556193,NA,NA,-0.0598660547318113,0.0832146655384266,-0.0402505280160256,0.0175475258281078,0.236961444637698,-0.0297688310780592,-0.0902900908235339,-0.0689567433441629,-0.128891880228267,0.0369592714899997,-0.0926513850662026,0.121507022895296,-0.183652588357962,0.0633248507919854,-0.045949943109656,-0.0277754112025275,-0.0235324442198045,-0.0160987135143237,0.0181200226353855,0.0856128474427846,-0.0608465643279952,-0.0160032734466849,0.0206010292141325,-0.0221141870681573,-0.0361740522095667,0.0258656614330638,0.119436653537108,-0.052337658803707,-0.057288224869579,0.0185454931961297,-0.0049592646081269,-0.136263971408798,-0.038188855657737,0.0645481257786824,-0.0568781297378236,0.0759950999523639,-0.130390304853714,0.0433903240137281,-0.071977594816965,0.0168797160323387,-0.0783016297408631,0.0929573984135335,-0.0653851764073041,-0.0232363206926738
"IES4_DELETION",0.022569833803543,0.0671507622369715,0.02452183600486,0.0230853679792209,-0.11008922251366,0.0775079899022357,0.0511192712872047,-0.100871792108598,-0.0640826627797411,0.0171548301184339,-0.0546494558850172,-0.0272073753474065,0.023755229231552,-0.0124502308805187,0.00859557473693165,0.0767961010034887,0.0761880863856868,NA,0.158340043548278,0.135660595569634,0.0384885082315493,0.070085477750534,NA,NA,0.0987496248578143,-0.0477109385810783,0.0319891441534754,0.00161992675714647,0.0161063324010949,0.0341263801845579,-0.103013800825845,-0.0216861961212237,-0.0524981025330129,0.00950196252509797,-0.118353506792562,0.0226882511913188,0.103096138548634,-0.0895393507066333,-0.117883472641262,-0.139730646069218,0.116669657396825,0.0526534791437794,-0.00885674984842808,-0.138739615704054,-0.104615132420495,0.0343175498882376,-0.0859552975820071,-0.0378213910214949,0.0677729778110744,0.0826525557958263,0.0371645919839304,-0.0790653179829005,0.0378890926472211,-0.0949755573947695,-0.0423972474481752,0.0792228143833634,0.0266776990644924,0.0388016808770894,0.186940583649833,0.0335962818995896,0.213129227910226,-0.0152914627860437,0.0176724606573294,0.040427131094413,-0.039428815856429,-0.0738661766033549,-0.174146473669003,0.0472653850498978
"IES5_DELETION",0.0942852126398375,0.0787493045758861,0.0735517021362529,0.129184991066913,-0.0313046217474557,0.00366856009180616,0.0333110077779464,0.038725326831239,0.103280759095494,-0.0886100031668921,0.0120766302073453,0.0921994006245065,-0.120545738166442,0.120462612383191,0.385798901810137,0.0348433946583854,0.203052846536084,0.158340043548278,NA,-0.0468693645975313,0.0821491888354429,0.103761953099713,NA,NA,-0.0262832615570198,0.0379788557216137,0.0195533183607639,-0.0157630660632499,0.215770213574536,0.0207064043237425,-0.0506901798686976,-0.148684100243476,-0.10151734372186,-0.0600556371536862,-0.103183413472031,0.219329746152554,-0.0746633667266869,0.0577784184303604,-0.00382245275918825,-0.143891397352501,-0.025534529340518,-0.082389366099383,0.172375986329898,0.0374201327422524,-0.0196515421722527,0.0290286327049629,0.0397941651068286,-0.0419238538858997,-0.0577891290887183,-0.0210565523455416,0.074363470496037,-0.0333569065964992,0.0362024617561628,0.0222709980711499,0.0481126168466469,-0.0606034506997686,-0.150712133745513,-0.0529743600699552,-0.0223060475622452,-0.00838866815193337,-0.055804279654272,0.0725900269319022,-0.0445307196074011,-0.0953077414162154,0.0387342527997198,0.0344678468087583,-0.0484788219247779,0.0686029128595763
"IES6_DELETION1CLONE1",-0.192354851779093,-0.312491645089782,-0.245061347850008,-0.331967771983574,-0.0736939188851467,-0.207304330865641,-0.249545272164414,-0.0991503445476386,0.0934734790154392,0.010630612218792,0.0860327157035124,-0.184873946435586,-0.0733534026070413,-0.253790096444636,-0.0662525975956036,0.0106231319807228,-0.00994148172567421,0.135660595569634,-0.0468693645975313,NA,0.296845140670881,0.258562279684567,NA,NA,0.21695474647768,-0.207622188670165,0.0946172748222585,0.0148533795786227,-0.0883153741294784,-0.0955893265743828,0.00943568626948281,-0.0202052751305608,0.0664508837788025,0.0487978564767269,-0.0298884947229284,0.0234263949213127,0.0219070064955849,-0.105954971966703,0.0172488036055204,-0.0184135885530787,0.233385150162393,0.129409365958364,-0.0214776870911973,-0.206159184104693,-0.0236249627937547,0.0817491002072752,-0.107879629450528,-0.0470185955986791,0.0595912405447064,0.062373616105938,0.00541289110810705,-0.0437560109153457,-0.05046916301527,-0.119191842239673,-0.133308394403532,0.0361632390697875,0.143679886576911,0.35910223085638,0.382201451727856,0.247304495930116,0.125108990948551,-0.0378485008321164,0.101288630914988,0.0528933200974662,-0.1546243065163,-0.0247989380836215,-0.172692660230498,0.109848486182304
"IES6_DELETION2CLONE2",-0.072285929369356,-0.0935760258906334,-0.0850602395844332,-0.114650508732092,-0.0698723314675569,-0.0747107246563669,-0.0935757124560243,-0.0322490954521235,0.250058834266399,-0.103816721980283,0.0587859408372917,0.0105026951009164,-0.0591001788469859,-0.00958089467391097,-0.00299991969434958,0.053189224011665,0.0249409044773803,0.0384885082315493,0.0821491888354429,0.296845140670881,NA,0.233733231675441,NA,NA,0.0897213400128253,-0.107155087670024,-0.00283334012668174,-0.070981663058145,-0.028494951786049,-0.0790107232173151,-0.0228597484757675,-0.0599813789420138,0.0247005893853418,-0.0792781263877756,-0.015297505747438,-0.0522782264028108,-0.0245521980035173,0.0513192598052902,0.0146568158285232,-0.00242146843020231,0.100563548849024,0.040572300131283,0.115235969939198,-0.0434994936327449,0.0242859895829771,0.188415277380088,0.0078560554335406,-0.0132583294967299,-0.0287249598265961,-0.0354658388518297,0.113894936685101,0.0184888675272795,0.100522268540158,0.00155153638569445,-0.00363911130246344,0.0904325245111844,0.0649907121567928,0.139420470152693,0.144532010885008,0.0532128096208866,0.00309254102615765,0.034414368920836,0.00650933100595934,-0.0264658939440925,0.0598268296311861,-0.0809650916592425,-0.118493369619701,0.181610300112628
"IES6_DELETION3",-0.01567557861939,-0.185359826085461,-0.247515299579851,-0.152075574667258,-0.0869649663717621,-0.159972580346041,-0.19113724895658,-0.0900992922926473,0.147659312461053,-0.0657626381271092,-0.11059786188083,-0.139154531084772,-0.0167444148975564,-0.139838890406462,0.100606260813254,-0.0888310730653183,0.0192529391556193,0.070085477750534,0.103761953099713,0.258562279684567,0.233733231675441,NA,NA,NA,0.242760852076473,-0.0276681003523207,-0.0952801665359369,-0.13166749178962,-0.0513689796102453,-0.141163795958104,-0.157706064178993,-0.0892255960290761,-0.140929378022375,-0.0648432615710263,-0.0981689117492649,0.0405748713649128,-0.0997974245165848,0.0722455125370122,0.195143145513448,0.0324711445669739,0.105998855139989,-0.00361109863193543,0.115758427123766,-0.0823320302459195,0.0109220566311713,0.181689588692794,0.0359468053341867,0.0456842909669536,0.0596662359523837,-0.000190902894668512,0.0252791481472376,0.0532081587803651,0.129991412259084,0.00825898747920359,-0.0438477699126099,-0.117412562831614,-0.0360262498228498,0.199479516247501,0.269193987240683,0.260463293784546,-0.0900704993262297,0.0156180749271513,0.158570750569203,0.0309534786721036,0.0520208747769831,0.152008961648548,-0.167717484444615,0.159779961529189
"IES6_DELETION4",NA,NA,NA,NA,NA,NA,NA,NA,NA,NA,NA,NA,NA,NA,NA,NA,NA,NA,NA,NA,NA,NA,NA,NA,NA,NA,NA,NA,NA,NA,NA,NA,NA,NA,NA,NA,NA,NA,NA,NA,NA,NA,NA,NA,NA,NA,NA,NA,NA,NA,NA,NA,NA,NA,NA,NA,NA,NA,NA,NA,NA,NA,NA,NA,NA,NA,NA,NA
"IES6_DELETION6",NA,NA,NA,NA,NA,NA,NA,NA,NA,NA,NA,NA,NA,NA,NA,NA,NA,NA,NA,NA,NA,NA,NA,NA,NA,NA,NA,NA,NA,NA,NA,NA,NA,NA,NA,NA,NA,NA,NA,NA,NA,NA,NA,NA,NA,NA,NA,NA,NA,NA,NA,NA,NA,NA,NA,NA,NA,NA,NA,NA,NA,NA,NA,NA,NA,NA,NA,NA
"IES6_K145|166A",-0.0310944177778946,-0.127172332536457,-0.10495615996253,-0.128218057228261,-0.219571459782101,-0.0755660039860895,-0.0642686471006023,-0.0786602456826267,0.0300954622547337,0.10228772292801,-0.179714955281993,-0.13219377612301,-0.180809678285235,-0.14110970840372,0.100609670948328,-0.258161126420172,-0.0598660547318113,0.0987496248578143,-0.0262832615570198,0.21695474647768,0.0897213400128253,0.242760852076473,NA,NA,NA,-0.00616100813913896,0.0124004634724066,-0.00527226035525284,0.00852889332969004,-0.0134223855391503,-0.138042623185354,-0.0449679354605961,0.029168193123316,-0.0836574732527804,-0.0440995474665601,0.0897555615715602,-0.141751352754599,0.0570170610455799,0.19937544244458,0.146561602974122,0.24871934626601,0.137562204976795,0.018218772105943,-0.0580794274800839,-0.137400296317125,0.129293524106964,-0.025700712916561,0.0240277167017422,0.108040585294923,0.172607012890018,-0.0411755034242663,-0.129984821193919,0.110195938319997,-0.110881658867725,-0.153899825768832,-0.0036438984976407,0.0141192910559133,0.0604556246809795,0.286635945239767,0.0979135862821593,0.00464155583482158,-0.00722673187252641,0.13505904189337,-0.00483122900202335,-0.197188531013259,0.194702770578783,-0.273051601953824,0.090827815229436
"INO80_HASCLONE1",0.157211385403469,0.279064606058609,0.198113490845613,0.256454745844101,0.00111302650594931,0.244351001076221,0.253008457554009,0.163216232764359,-0.0791535834994225,0.0127315999860971,-0.145409564333992,0.432122043781566,0.0350453951172407,0.414237863062854,0.067991748436716,-0.075518634601803,0.0832146655384266,-0.0477109385810783,0.0379788557216137,-0.207622188670165,-0.107155087670024,-0.0276681003523207,NA,NA,-0.00616100813913896,NA,0.0625445663125327,0.217546552325822,0.0772361064311789,0.264922874653318,-0.00234070011068906,0.0230703652711298,0.0330575110141145,0.0685693436422072,-0.0182718416736259,0.0268774007657115,-0.0885794025654889,-0.00550000133433672,-0.000745945237318577,-0.00419653527719546,0.0127445482609161,-0.152857794113055,0.0358508844620912,0.250674524180739,0.0639656513794066,0.0279882267043554,0.00304695602943088,0.0810335153880645,0.00759870368202278,-0.0144198237854228,0.0240785657963181,-0.0116669923364387,0.0181725233931115,0.179661843898479,0.0720795687678677,-0.00958447838003305,-0.0546661153559876,-0.24400686766602,-0.060634236004843,-0.195329850823985,-0.12160894492623,-0.0303818195982042,-0.129674783815774,-0.0754879333772089,0.129697631937268,0.158661662544295,0.098089942828662,-0.0628133340049439
"INO80_HASCLONE2",-0.0261843663836394,-0.105966312213803,-0.0481218025857865,-0.0310203634920671,-0.0387103210823578,0.0623722608218741,0.031672966017239,0.042867802913309,0.021198686436738,0.024116267192651,0.0985484851195286,0.128881201723925,-0.00244057630140736,0.0869225407977681,-0.0149545671947284,-0.0707802609471274,-0.0402505280160256,0.0319891441534754,0.0195533183607639,0.0946172748222585,-0.00283334012668174,-0.0952801665359369,NA,NA,0.0124004634724066,0.0625445663125327,NA,0.246969152248419,0.0616265964349437,0.0294428507320558,0.0511710886637189,0.0372655232515977,0.0815052548538915,0.0963972391811972,0.065544900742376,0.0454048220547688,0.036141448535586,-0.0961329076162575,-0.0504488029314048,-0.0522077872095876,0.0371895187462674,-0.0315190921598141,0.0344513155425483,-0.0567480911256,0.0310315380127152,-0.0216385362145003,-0.0831950555403554,-0.0459262099257763,-0.036469468260161,0.064014107575786,-0.0164155088022025,0.00996672188595151,-0.0192434835477388,0.00748716966126292,-0.0374561758890329,0.0618163932999404,-0.024465818474044,0.00132159518517579,0.0671054186860808,-0.0416147168398404,0.0474505488666012,0.0151994255676369,-0.0425121059545946,0.0628242184943871,0.0222231839645715,-0.0224351677222627,-0.0229680682077761,-0.0289648204250426
"INO80_HASCLONE3",-0.0124735200534828,0.0338360891969927,0.0564025878720705,0.0624239811324861,-0.0445918240422002,0.144450153026337,0.0734320544723296,0.0945380223587169,-0.0444216180445982,0.165469900807916,-0.0266263581831868,0.111076181452682,0.0222910258987811,0.116996692440302,-0.00644024202128379,-0.0694912872690059,0.0175475258281078,0.00161992675714647,-0.0157630660632499,0.0148533795786227,-0.070981663058145,-0.13166749178962,NA,NA,-0.00527226035525284,0.217546552325822,0.246969152248419,NA,0.0133542516416869,0.124288370548362,0.124240641189716,0.0397068938029245,0.0466667667723041,0.116467345003334,0.131852234068321,0.0952028601053903,-0.0256545818021854,-0.0248899304228958,0.0401166173799329,-0.1036362779364,0.0102655111102575,-0.0149139532023058,0.0210467797080867,0.042545833581184,0.041697662372943,-0.0604926647339443,0.0334623986646868,0.0144080655904665,-0.0472310230672814,-0.030302297967896,-0.144102588552044,0.0835322736361351,0.0313420642647879,0.00563947993181071,-0.013853867816116,0.053580162336387,-0.0761233625682902,-0.099905377816707,-0.0116766254780978,-0.0965647366144813,0.0355194711581572,0.00785108607373999,-0.0364888838138212,-0.0820303775851226,0.0388171592861958,0.0601996965747934,0.0987959380457277,0.0125102802708678
"INO80_NTERM",0.078590297178943,0.121050370651864,0.00201609455948584,0.0594189534010052,0.0453809703518834,-0.0271457373022798,0.0286364465907152,0.04166677591796,-0.0858072628503668,0.00597952110067354,-0.0816878494578244,0.120388668310228,-0.0536380424404516,0.097650592732371,0.280204508770673,-0.0884256444278495,0.236961444637698,0.0161063324010949,0.215770213574536,-0.0883153741294784,-0.028494951786049,-0.0513689796102453,NA,NA,0.00852889332969004,0.0772361064311789,0.0616265964349437,0.0133542516416869,NA,0.101608884423234,-0.0657765313807151,0.00261073050902745,-0.0962593556757936,-0.0147313073092787,-0.06999642415997,0.290989884200937,-0.142134723629507,0.0476077612596616,-0.019630171877605,-0.0157993092870172,0.00411454899512877,-0.108453013313893,0.0830382016650457,0.0425400285374198,-0.144821884914069,-0.12326369108971,-0.00646024279537286,-0.0725539005862208,-0.0775986800225894,-0.00215655769958776,-0.00779271831681386,0.0321702132765152,-0.0851001855942247,0.0740761140230731,0.110496494980323,-0.117055614952808,-0.0495989947060206,-0.0142940073886129,-0.0798899609688283,-0.00233985256551324,-0.156885400169314,0.0684631130688352,-0.0857279773490913,0.0159228689194492,-0.00632091603006648,0.094850920225641,0.0300909651205745,-0.079698241490349
"INO80_SPACERCLONE3",0.113928860754021,0.314737062413832,0.257057742597927,0.277151670966011,0.0517925112651136,0.247812537471493,0.337120830139569,0.129769452277622,-0.0823357413141666,-0.0242976347812623,-0.091189081779106,0.387312419897859,0.0988500192521339,0.32971834560604,0.0677492516195075,-0.042030619871989,-0.0297688310780592,0.0341263801845579,0.0207064043237425,-0.0955893265743828,-0.0790107232173151,-0.141163795958104,NA,NA,-0.0134223855391503,0.264922874653318,0.0294428507320558,0.124288370548362,0.101608884423234,NA,0.0342744429681847,0.0817285110789148,0.118452146485471,0.0811800999641914,0.0342885048768716,0.0577987820969623,-0.0584520450556539,-0.037489325219089,-0.00559793004852552,-0.0274104447011053,-0.0225729156200397,-0.168294342255639,0.0187358017178602,0.134649023922863,0.00334469443673426,0.0604698604084437,-0.0135906657244967,0.0319704671020568,-0.0235983059664022,-0.0402338206917927,0.0498753803615194,0.00101953967520027,0.0789953066535288,0.178661754585181,0.105822609523686,0.0826270011707521,0.139717557793603,-0.224217289232524,-0.0628314682309214,-0.164784670711691,-0.0426352185248549,-0.132419630483855,-0.155011132121385,-0.115642785502014,0.140756947045505,0.0421774527622893,0.0923783876074611,-0.00775615289946566
"ISW1_DELETION",-0.106439664205365,-0.0150057788296087,0.0509879077171294,0.0553820975139844,0.000268574584124141,0.0187539713623794,-0.0285570314490905,0.110556114671037,-0.013794235407258,0.0675147906574627,0.124456803204926,0.034195416859539,-0.0717134074613557,-0.00864990703122554,-0.0987089842799443,0.0736032865489495,-0.0902900908235339,-0.103013800825845,-0.0506901798686976,0.00943568626948281,-0.0228597484757675,-0.157706064178993,NA,NA,-0.138042623185354,-0.00234070011068906,0.0511710886637189,0.124240641189716,-0.0657765313807151,0.0342744429681847,NA,0.239876394416133,0.153913505882449,-0.00441268678066124,0.216166275267862,-0.0721960782674093,0.212762754394611,-0.0215418732102978,-0.0302815492003462,-0.0564025737826352,-0.0862411318151704,0.0218974127840889,-0.124246171556923,-0.0310343280157823,0.136309350465225,-0.146765130049576,-0.0358910735462861,-0.0621365108432125,-0.0392939034467727,0.00682699205544431,-0.14263250620072,0.0130133669823339,-0.0772303221790786,-0.0465587419008994,0.0274843657521039,-0.0792814987617939,0.112881547464352,-0.0206289462590275,0.0148049465245634,-0.153726774957767,0.0752436886456499,-0.0220696163821098,-0.0705083289578658,0.0339388234272011,-0.0511792289326923,-0.115754567182908,0.134960037124233,-0.158725693332165
"ISW2_DELETION",-0.146609663996025,0.0128945145904586,0.059549916188879,0.0293244446426695,0.0233780595771962,0.0205557823216374,0.00473957322521638,0.0820655379167613,0.00505604894049016,0.0260924839463326,0.0652547209348461,0.00151139721737279,-0.00860083081990786,0.0332096554915015,-0.0370812184351416,0.0788002534402804,-0.0689567433441629,-0.0216861961212237,-0.148684100243476,-0.0202052751305608,-0.0599813789420138,-0.0892255960290761,NA,NA,-0.0449679354605961,0.0230703652711298,0.0372655232515977,0.0397068938029245,0.00261073050902745,0.0817285110789148,0.239876394416133,NA,0.190137258698052,0.0677130330831973,0.173079691891438,-0.0632055234022322,0.0316027712345791,0.00258851019543728,0.0274006498040706,-0.0239869666227826,0.0900555910858847,-0.0952830451461832,-0.145071007136594,0.0268375505006522,0.0537196942058198,-0.0487995245920098,-0.0171776878114906,-0.0316353882966139,0.0647102121542624,-0.00762113259333887,-0.122973089922528,-0.128213075416855,0.0133698548673317,-0.0220997103215484,-0.0430847442832268,-0.113279919212077,0.1363021728989,-0.0487131123674159,0.0914520273645756,-0.149651664534167,-0.0722169770039891,-0.00211119217012821,-0.00733552529740818,0.113170816148173,-0.120336685602929,-0.141048677653486,0.0157304115139295,-0.262616855810595
"KOG1_DAMP",-0.0905026546888142,-0.0285131026012312,0.0529734289733812,0.0632989878930053,-0.0972274962517019,-0.0459890709718942,-0.00281088580300355,0.0681395111005944,-0.0166946169411801,0.0865831905773893,0.210913705818591,0.0834760264756395,-0.0775397323231985,0.00320813894603002,-0.0735573793832812,-0.0177384932199538,-0.128891880228267,-0.0524981025330129,-0.10151734372186,0.0664508837788025,0.0247005893853418,-0.140929378022375,NA,NA,0.029168193123316,0.0330575110141145,0.0815052548538915,0.0466667667723041,-0.0962593556757936,0.118452146485471,0.153913505882449,0.190137258698052,NA,0.108644581059999,0.296294763788628,-0.0270104955886571,0.0488408930243439,-0.0446434339525039,0.0626724783617617,-0.0498048229643966,-0.00298998360839809,-0.106147735079699,-0.0557996279467974,-0.0750091261365123,0.0871988714098166,0.0730727490941897,-0.000969378719862899,-0.0687202929670496,-0.0418390954842508,-0.101011934147327,-0.102999845618019,-0.00580496754683738,0.152127462591537,-0.0590314987012686,-0.0701568330107695,-0.00335208769051411,0.162877592124237,-0.182618396957989,-0.0822642962500111,-0.0447796418048957,-0.0327739282934509,-0.0522780948152662,-0.0491556658682767,-0.0642463169372392,0.000549208499644652,-0.192101559292828,0.12008310048781,-0.127379971976216
"LDB7_DELETION",0.0383762974074278,0.0390656017967538,0.129110961073141,0.0653845000629961,0.0643069920148006,0.0513184513804792,0.0766832695058059,0.0318968891475936,-0.113813085955879,-0.0398968806154258,0.0528118808064425,0.0801391657933497,0.152207366145771,0.142199152456227,-0.0310068230869583,0.0198039862175811,0.0369592714899997,0.00950196252509797,-0.0600556371536862,0.0487978564767269,-0.0792781263877756,-0.0648432615710263,NA,NA,-0.0836574732527804,0.0685693436422072,0.0963972391811972,0.116467345003334,-0.0147313073092787,0.0811800999641914,-0.00441268678066124,0.0677130330831973,0.108644581059999,NA,-0.0434966031679328,-0.0288196236206555,-0.0211575748538785,0.0155906567765008,0.0215741073539973,-0.0486373657761672,-0.00673297200696802,-0.0776704574821781,-0.111222787800252,-0.0302589546860302,0.00571105692746423,-0.0787752876957214,0.0315446058965459,-0.030865495369115,-0.100221425433531,-0.102704480236461,0.0169037710392792,0.136748331369549,-0.114602971463036,0.0446440443482115,0.0579114142073539,-0.0496241445752608,-0.0870928662480104,0.023255641548833,-0.069996069149683,0.0203830239199348,-0.0272630149938993,-0.0061152945929991,-0.0133839626491385,0.000288596157595038,0.0329716899946421,0.0412419310305957,0.0899273054632321,-0.0408157703179911
"LST8_DAMP",-0.144483949493684,-0.0147604246453417,-0.00296155927149474,-0.0470429240146201,-0.0483054440509329,-0.0252994036312637,-0.0467006794365659,0.0324657702406493,0.0315833301773015,0.0980213587357297,0.218128704401948,0.0713514294036634,-0.128755178082237,-0.0488520991132279,-0.122382953072714,-0.0678770568613931,-0.0926513850662026,-0.118353506792562,-0.103183413472031,-0.0298884947229284,-0.015297505747438,-0.0981689117492649,NA,NA,-0.0440995474665601,-0.0182718416736259,0.065544900742376,0.131852234068321,-0.06999642415997,0.0342885048768716,0.216166275267862,0.173079691891438,0.296294763788628,-0.0434966031679328,NA,0.0640629101997663,-0.0341122574455959,0.0782012159240595,0.0695405789038027,-0.0250537516025881,-0.156404672828459,-0.0338213386018874,-0.0826425585024167,-0.0919781899278764,0.110740445363721,-0.0494247948026966,0.235249484939864,0.109884944642145,-0.0302172199541447,-0.0132920813950209,-0.122578266075285,-0.00765898083899685,-0.0139631540362651,0.0107817510882621,0.02294395906855,-0.129940658708097,0.0870881483158014,-0.121981936210237,-0.129457912134552,-0.0428612837460549,-0.219060233793309,0.127643301361773,0.0888313476931341,-0.171779123749158,-0.000636355662052983,-0.0354250790686901,0.154459201530137,-0.173785983536794
"NHP10_DELETION",-0.0314476391591968,-0.00010151529167127,-0.0661825221026278,-0.0102034914769187,-0.117901542637894,-0.0116517196874186,-0.00245173264658752,0.0061871886818654,-0.0919324206382329,0.0562470922731318,0.0140772160198819,0.0596309026916308,-0.103822333737471,-0.0275540607313027,0.27047892646541,-0.0245957384091918,0.121507022895296,0.0226882511913188,0.219329746152554,0.0234263949213127,-0.0522782264028108,0.0405748713649128,NA,NA,0.0897555615715602,0.0268774007657115,0.0454048220547688,0.0952028601053903,0.290989884200937,0.0577987820969623,-0.0721960782674093,-0.0632055234022322,-0.0270104955886571,-0.0288196236206555,0.0640629101997663,NA,-0.104890653762802,-0.0239838488227061,-0.0184416529679057,-0.161389415554371,-0.0281697460704531,-0.0381942185126569,0.108754666936454,-0.0612307864153412,-0.0480831300545235,-0.0559586670879187,-0.0025196043748925,0.0138384255919267,-0.161497743955961,0.0488226670152802,-0.0549834238169657,0.00891807473056184,-0.0923739670092685,-0.0381940126880861,-0.00898145584470251,-0.0833072809218186,-0.0743271981774902,-0.00920344641849632,-0.00464376157000138,0.0264539361524434,-0.102253718778994,0.0461396016731624,-0.0407683141559312,-0.0616780751235825,0.0615257307524217,0.0257305168248022,0.055285712929784,-0.00135316893764646
"NPL6_DAMP",-0.103086435048285,-0.0356222418424378,0.0735631830760553,0.029337190761745,-0.0915693872190836,0.040680349271278,-0.00620786012357378,-0.0213481726593204,0.012246300497522,-0.0381261790182851,0.202501215850653,-0.102346875299128,-0.000108043182751031,-0.0628514240504574,-0.140882690963605,0.159370760758765,-0.183652588357962,0.103096138548634,-0.0746633667266869,0.0219070064955849,-0.0245521980035173,-0.0997974245165848,NA,NA,-0.141751352754599,-0.0885794025654889,0.036141448535586,-0.0256545818021854,-0.142134723629507,-0.0584520450556539,0.212762754394611,0.0316027712345791,0.0488408930243439,-0.0211575748538785,-0.0341122574455959,-0.104890653762802,NA,-0.233621045881322,-0.174042049088772,-0.201656412544848,-0.1316631676339,0.0981382520030711,-0.0714820133718523,-0.0659822866463645,0.0702909485389357,-0.0405023133007881,-0.105617756674651,-0.096090198294788,-0.00849353036649962,-0.0531877225763735,-0.0570377664740777,-0.115727484142089,-0.0265472811900751,-0.111424432571968,-0.0720979994228926,0.211936364124677,0.0451311337260951,0.0241431944333154,0.00721778214703519,-0.0815999653462994,0.401142700196421,-0.13991909439465,-0.144981410105682,0.154394024185702,-0.0274483222982135,-0.435623827083824,0.00675383991454803,-0.0277092274335718
"RIM15_DELETIONCLONE1",0.0122009663355886,-0.078839000791155,-0.0728269610734397,-0.113915956886142,0.0592624773730186,-0.0637490493801239,-0.0205247612084339,0.024798007349427,-0.00609350052139666,0.00625810967620517,-0.120908133218132,-0.0352826705427574,-0.00137606618357819,-0.0125794475819641,0.0449769778304115,-0.0936523542668097,0.0633248507919854,-0.0895393507066333,0.0577784184303604,-0.105954971966703,0.0513192598052902,0.0722455125370122,NA,NA,0.0570170610455799,-0.00550000133433672,-0.0961329076162575,-0.0248899304228958,0.0476077612596616,-0.037489325219089,-0.0215418732102978,0.00258851019543728,-0.0446434339525039,0.0155906567765008,0.0782012159240595,-0.0239838488227061,-0.233621045881322,NA,0.552099976715145,0.0746598192924217,-0.0223740763286468,-0.0366201861849167,-0.0549058257601227,0.110083864394541,0.00487704186860764,-0.0819714364882151,0.13396528533289,0.0936619830457592,-0.0303230848500324,0.0942701986752963,0.0694244050434708,0.0530545460418909,0.0333555744853661,0.164677423178412,0.173116668989443,-0.211416219442051,-0.0406947074075768,0.0894268694769925,0.0294893668619421,-0.0137808074395137,-0.255264183106862,0.211953542397466,0.210582021614574,-0.0101182402978306,0.0425531938275816,0.203848251115689,0.091060647107136,-0.035348600552857
"RIM15_DELETIONCLONE2",0.0190350361112289,-0.0662317024596445,-0.121956871885937,-0.104580886697039,-0.0956503697153567,-0.10765745766395,-0.0701826011173255,0.0368349311000522,0.0656539153102787,0.0686353913349892,-0.139304906792168,-0.115374206876893,-0.0225162908090149,-0.113245322420692,0.144557524996079,-0.151340314776955,-0.045949943109656,-0.117883472641262,-0.00382245275918825,0.0172488036055204,0.0146568158285232,0.195143145513448,NA,NA,0.19937544244458,-0.000745945237318577,-0.0504488029314048,0.0401166173799329,-0.019630171877605,-0.00559793004852552,-0.0302815492003462,0.0274006498040706,0.0626724783617617,0.0215741073539973,0.0695405789038027,-0.0184416529679057,-0.174042049088772,0.552099976715145,NA,0.0355556166039032,0.0649298301780529,-0.0807764787840475,-0.00142304775001593,0.0701518910634286,0.0192829297355359,0.0618316654638281,0.102578515265829,0.0932029156150114,0.0513709502864129,0.0642831488849069,-0.0138277801734931,-0.058050607401459,0.194860874106696,0.093146044882668,0.000730632269039124,-0.24610442147018,-0.0814883756835287,-0.0807357150467855,0.135952886356558,-0.0395822913184892,-0.204767568603861,0.187389888954403,0.282199365612465,-0.0620097827853733,0.0882325524648052,0.19592216523456,0.0327334530839892,0.0653471111525787
"RRD1_DELETION",0.00270571120139483,-0.0832636012441796,-0.105026216101638,-0.101357587249286,-0.0282634254267211,-0.0887609182127001,-0.0880145519738337,-0.0205183711630276,0.0883842622973319,0.0736963284250049,-0.159736899776965,-0.0643696344537448,-0.0253136761048136,-0.0580569367496593,-0.0860605559969783,-0.154753256812676,-0.0277754112025275,-0.139730646069218,-0.143891397352501,-0.0184135885530787,-0.00242146843020231,0.0324711445669739,NA,NA,0.146561602974122,-0.00419653527719546,-0.0522077872095876,-0.1036362779364,-0.0157993092870172,-0.0274104447011053,-0.0564025737826352,-0.0239869666227826,-0.0498048229643966,-0.0486373657761672,-0.0250537516025881,-0.161389415554371,-0.201656412544848,0.0746598192924217,0.0355556166039032,NA,0.157973838607562,0.0548616242102419,-0.0169851560947843,0.072332751038823,-0.0355238523872027,0.117643405197537,-0.0412042019105203,0.069417142054088,0.0923991357477778,0.122953720764738,-0.0276943546448311,-0.0228015203750113,-0.003253468730278,-0.118619844575127,-0.116529306888014,0.0162610285112391,0.0308260171581526,0.0755053188718612,-0.0406038666207796,0.0321353969351538,-0.0610864121950939,0.0104897701128667,0.0662176746683976,0.0438288895499434,-0.191880467066642,0.129133109797821,-0.14242802397013,0.0107915020249707
"RSC3_DAMP",-0.0486081788173413,-0.0426387431288,-0.054730259410428,-0.0527568152761975,-0.0737757845270444,-0.0412123396910199,0.00402417850068774,-0.0451073173342611,0.0527306953057718,0.0465543289724249,-0.142118938501858,-0.115119189217379,-0.123346195221764,-0.0701190118654699,0.0531782916708737,-0.0742732283430761,-0.0235324442198045,0.116669657396825,-0.025534529340518,0.233385150162393,0.100563548849024,0.105998855139989,NA,NA,0.24871934626601,0.0127445482609161,0.0371895187462674,0.0102655111102575,0.00411454899512877,-0.0225729156200397,-0.0862411318151704,0.0900555910858847,-0.00298998360839809,-0.00673297200696802,-0.156404672828459,-0.0281697460704531,-0.1316631676339,-0.0223740763286468,0.0649298301780529,0.157973838607562,NA,0.120199717245729,0.0726143595363083,-0.0374262496020423,-0.082143851457057,0.0506980187178397,-0.103219989515163,-0.0822698208669845,0.133413833534237,0.127600691637351,-0.0610092802335229,-0.11367014492232,0.0480707134140687,-0.0641416784579803,-0.0782594088501219,0.132648662704043,0.0569018372915803,0.0452381337759386,0.169603010900978,0.0571502288669482,0.0647063163286421,-0.021147119116565,0.045348876792233,0.0445840865099987,-0.177012381371958,0.0119202508276138,-0.252296660334412,-0.022574629361708
"RSC4_DAMP",-0.245506418030692,-0.128283357769551,-0.0751885491364571,-0.141886152760606,0.0366708053181636,-0.108669820771598,-0.108803566975801,-0.220133494736506,-0.0144929868608145,0.0386489092178458,0.100817556872134,-0.144245751928503,-0.0899420283362461,-0.176126938438263,-0.0481466739854994,0.0595168007602886,-0.0160987135143237,0.0526534791437794,-0.082389366099383,0.129409365958364,0.040572300131283,-0.00361109863193543,NA,NA,0.137562204976795,-0.152857794113055,-0.0315190921598141,-0.0149139532023058,-0.108453013313893,-0.168294342255639,0.0218974127840889,-0.0952830451461832,-0.106147735079699,-0.0776704574821781,-0.0338213386018874,-0.0381942185126569,0.0981382520030711,-0.0366201861849167,-0.0807764787840475,0.0548616242102419,0.120199717245729,NA,0.0523993112246313,-0.129815666230201,-0.108148375936086,-0.0866199902252469,-0.0702644702822334,-0.055281756910421,-0.0364135516183242,0.232095406149727,0.00272522868895484,-0.0857668908635683,-0.182557835751738,-0.115406562946081,-0.0553260703646582,0.0552939671984842,0.0521339739312714,0.212414974586058,0.00792977939346077,0.0438090162016279,0.131544346530494,-0.00120433608225337,0.036342782094512,0.0137669767770492,-0.159933997681086,-0.169254582604402,-0.0755490198807471,0.0928850582199153
"RSC58_DAMP",0.0476001269487883,0.115533071335734,0.0112336311935795,0.0571420436798638,-0.020315205997615,0.0459567708468241,0.0793152537938138,0.00495520743590771,0.0121493925063691,-0.112588503959305,-0.0530177229312513,0.0560452764147375,-0.110336908597361,0.120639690878537,0.133780596827169,0.0163521551016909,0.0181200226353855,-0.00885674984842808,0.172375986329898,-0.0214776870911973,0.115235969939198,0.115758427123766,NA,NA,0.018218772105943,0.0358508844620912,0.0344513155425483,0.0210467797080867,0.0830382016650457,0.0187358017178602,-0.124246171556923,-0.145071007136594,-0.0557996279467974,-0.111222787800252,-0.0826425585024167,0.108754666936454,-0.0714820133718523,-0.0549058257601227,-0.00142304775001593,-0.0169851560947843,0.0726143595363083,0.0523993112246313,NA,0.135638030046096,0.0357232015356742,0.102416561875835,0.0135949632084328,-0.0337246827306044,-0.0768240312861215,0.0710673507107821,0.0185411532541346,0.0140752974829383,0.0684417472644313,0.0002061708985418,-0.0315957818461253,-0.0308664150520385,-0.0883881855509779,-0.127963101637409,-0.0222824159425894,-0.0192625878630871,-0.0655132313618163,-0.0147801312006688,-0.0613377988492252,-0.0963704072059031,0.13866023990179,0.00524415577100838,0.0142756445422808,0.21184206834039
"RSC6_DAMP",0.156708202236027,0.247780282666732,0.192715556672508,0.179051318060491,-0.106291601193957,0.110286371475693,0.176704841118886,0.200037927496742,-0.0037613232786127,-0.0957394707625986,-0.173180155483358,0.0951014559058041,0.084495970326973,0.196510929362324,0.0445642038616753,-0.140489199174714,0.0856128474427846,-0.138739615704054,0.0374201327422524,-0.206159184104693,-0.0434994936327449,-0.0823320302459195,NA,NA,-0.0580794274800839,0.250674524180739,-0.0567480911256,0.042545833581184,0.0425400285374198,0.134649023922863,-0.0310343280157823,0.0268375505006522,-0.0750091261365123,-0.0302589546860302,-0.0919781899278764,-0.0612307864153412,-0.0659822866463645,0.110083864394541,0.0701518910634286,0.072332751038823,-0.0374262496020423,-0.129815666230201,0.135638030046096,NA,0.113863926044517,0.0947096896302957,0.0506546557778284,0.0468046314095015,-0.0708632028888808,0.152646619425889,0.0170069159445109,-0.0607291052167143,-0.019622423581468,0.0366121500032762,0.0100958673148432,-0.0405526371675968,-0.0775048880270798,-0.166355671480879,-0.0141894676180201,-0.185269627226747,-0.142150439029306,-0.000429219718256537,-0.126399827338673,-0.12249162822671,0.019048160554105,0.0783241449786281,0.00343307745241121,-0.088521139803263
"RTT109_DELETION",0.0256041170378869,0.00260838402241168,-0.00296210001914389,0.0349565098695352,-0.0880646895649934,-0.000164776547908075,-0.0146200355269906,0.299890385394879,0.0811350573089473,0.0158544010629109,-0.0325949869394207,0.0430897368392609,-0.0006412437888964,0.0226430975653901,-0.0481461393367262,-0.0127418745239877,-0.0608465643279952,-0.104615132420495,-0.0196515421722527,-0.0236249627937547,0.0242859895829771,0.0109220566311713,NA,NA,-0.137400296317125,0.0639656513794066,0.0310315380127152,0.041697662372943,-0.144821884914069,0.00334469443673426,0.136309350465225,0.0537196942058198,0.0871988714098166,0.00571105692746423,0.110740445363721,-0.0480831300545235,0.0702909485389357,0.00487704186860764,0.0192829297355359,-0.0355238523872027,-0.082143851457057,-0.108148375936086,0.0357232015356742,0.113863926044517,NA,0.0564632664607424,0.05363781175626,0.0779986254567895,-0.0415965696347102,-0.104530391585198,-0.0439177246573412,0.030244941321347,0.0902457005009725,-0.0106546728850439,0.00343764076432245,-0.044959377695646,-0.084899150064889,-0.0859955757246022,-0.0220826408474994,-0.0817256787519186,-0.0507575430765898,-0.0324572953170538,-0.00960726025826448,-0.0505012236532435,0.0508553644509577,-0.00746303073610316,0.110991384823651,0.0129949234983851
"RVB1_DAMP",0.033681682990772,0.0574807725415221,0.0457681825779413,0.047038009939886,-0.16833076228336,0.0497057319839264,0.0171320472370042,0.0201154729246705,0.193798390942474,-0.0306928367369059,-0.124649408311533,-0.0324291885794516,-0.0378741630265232,0.00224888633446362,0.0237202530062028,-0.103897266048533,-0.0160032734466849,0.0343175498882376,0.0290286327049629,0.0817491002072752,0.188415277380088,0.181689588692794,NA,NA,0.129293524106964,0.0279882267043554,-0.0216385362145003,-0.0604926647339443,-0.12326369108971,0.0604698604084437,-0.146765130049576,-0.0487995245920098,0.0730727490941897,-0.0787752876957214,-0.0494247948026966,-0.0559586670879187,-0.0405023133007881,-0.0819714364882151,0.0618316654638281,0.117643405197537,0.0506980187178397,-0.0866199902252469,0.102416561875835,0.0947096896302957,0.0564632664607424,NA,-0.0620273273554671,0.13539366774581,0.0930692654046968,-0.113519691347572,0.0872181517183417,0.0429660463100495,0.235768639907552,-0.0799983095253534,-0.180865318013233,0.0609664538965967,0.147293527057216,-0.153336074365391,0.0960580102770111,-0.00184827234909277,0.0182553824906931,-0.121313781083062,-0.0316960393420987,0.0410789098874315,0.015047431273063,-0.00625809784320741,-0.135670835288769,0.161030131280946
"SCH9_DELETION",0.0785041120500636,-0.0158537747270631,-0.0229180272416293,-0.0444459482818949,0.0764219382941498,0.0166188913420814,-0.00251742513800199,0.00157831998735023,-0.0185391247783219,-0.0596021062409438,0.0172904086696649,0.0359068599651174,0.0399595490429678,0.0320426779959672,0.0250971216918827,-0.0551411502790103,0.0206010292141325,-0.0859552975820071,0.0397941651068286,-0.107879629450528,0.0078560554335406,0.0359468053341867,NA,NA,-0.025700712916561,0.00304695602943088,-0.0831950555403554,0.0334623986646868,-0.00646024279537286,-0.0135906657244967,-0.0358910735462861,-0.0171776878114906,-0.000969378719862899,0.0315446058965459,0.235249484939864,-0.0025196043748925,-0.105617756674651,0.13396528533289,0.102578515265829,-0.0412042019105203,-0.103219989515163,-0.0702644702822334,0.0135949632084328,0.0506546557778284,0.05363781175626,-0.0620273273554671,NA,-0.0486191790561983,-0.0694594735299254,-0.0720464898666808,0.0554529980862274,0.128284786934685,-0.0517339558335236,0.148582232239491,0.160893676413017,-0.147284781300327,-0.0773343282984048,0.015265653120293,-0.131532698370273,-0.0158004119387529,-0.246530118402913,0.0578277359165127,0.0762031159710903,-0.142551666501709,0.0806573180926265,0.0763175307951032,0.121928140509261,-0.0189866362696663
"SET3_DELETION",-0.0237214641115018,-0.00265600483543792,-0.0632393744508807,-0.0140653465605323,0.000843592012019099,0.0394751164261019,0.0400957036895954,0.030884879607294,0.0513099995496012,0.0594388002588362,-0.137333894833998,0.0941397763656063,-0.0412002219943466,0.0587210031697189,-0.0171074656662104,-0.0459102919713468,-0.0221141870681573,-0.0378213910214949,-0.0419238538858997,-0.0470185955986791,-0.0132583294967299,0.0456842909669536,NA,NA,0.0240277167017422,0.0810335153880645,-0.0459262099257763,0.0144080655904665,-0.0725539005862208,0.0319704671020568,-0.0621365108432125,-0.0316353882966139,-0.0687202929670496,-0.030865495369115,0.109884944642145,0.0138384255919267,-0.096090198294788,0.0936619830457592,0.0932029156150114,0.069417142054088,-0.0822698208669845,-0.055281756910421,-0.0337246827306044,0.0468046314095015,0.0779986254567895,0.13539366774581,-0.0486191790561983,NA,0.110004839822319,-0.0583280949694116,0.0393782251695765,-0.0326243522673128,0.0951858783119502,0.0641093398408123,0.0281326497855473,-0.0551691479131426,-0.00883443503377921,-0.0724698654072914,0.020924983404712,-0.0253048096219749,-0.081626880677345,0.00132339542674113,0.0378298302414591,-0.00770922160620702,0.111987824090456,0.131498494725759,0.028533161489105,0.0793330041671818
"SLM1_DELETION",-0.102354209348831,-0.0165682020474995,-0.0707722534622209,-0.0673083689077381,-0.117514444046767,-0.0260425972205197,-0.0272535973263319,-0.0612117610737729,0.07644168088676,0.148060491323972,-0.171837313883753,-0.14157431716424,-0.0869366103688325,-0.0487796968557444,-0.0653724080207505,0.0230202588589022,-0.0361740522095667,0.0677729778110744,-0.0577891290887183,0.0595912405447064,-0.0287249598265961,0.0596662359523837,NA,NA,0.108040585294923,0.00759870368202278,-0.036469468260161,-0.0472310230672814,-0.0775986800225894,-0.0235983059664022,-0.0392939034467727,0.0647102121542624,-0.0418390954842508,-0.100221425433531,-0.0302172199541447,-0.161497743955961,-0.00849353036649962,-0.0303230848500324,0.0513709502864129,0.0923991357477778,0.133413833534237,-0.0364135516183242,-0.0768240312861215,-0.0708632028888808,-0.0415965696347102,0.0930692654046968,-0.0694594735299254,0.110004839822319,NA,0.13149449954981,-0.174025475429974,-0.167037617361852,0.246380395096517,-0.138389069886768,-0.154162190179552,0.0320032588390889,0.0234869041587586,-0.0200080991920268,0.164992286609586,-0.0594070484951823,0.213070452047483,0.0158628218019148,0.105454881214304,0.171414324842707,-0.154230163813259,-0.0164044835817553,-0.19684170379963,-0.1003297277396
"STH1_DAMP",-0.050259109236111,-0.0446608061437125,0.000119921837936728,-0.108135994298573,-0.0512296321130897,0.0143389487711266,-0.0169181812889105,-0.090093410490516,0.0369904516355068,0.050308563271795,-0.0731593082831453,-0.108190670230222,-0.12797725778294,-0.093057783138476,0.0516756737819259,-0.0200680311811183,0.0258656614330638,0.0826525557958263,-0.0210565523455416,0.062373616105938,-0.0354658388518297,-0.000190902894668512,NA,NA,0.172607012890018,-0.0144198237854228,0.064014107575786,-0.030302297967896,-0.00215655769958776,-0.0402338206917927,0.00682699205544431,-0.00762113259333887,-0.101011934147327,-0.102704480236461,-0.0132920813950209,0.0488226670152802,-0.0531877225763735,0.0942701986752963,0.0642831488849069,0.122953720764738,0.127600691637351,0.232095406149727,0.0710673507107821,0.152646619425889,-0.104530391585198,-0.113519691347572,-0.0720464898666808,-0.0583280949694116,0.13149449954981,NA,-0.0476899200858378,-0.0671150446779206,-0.059466367460869,-0.108518511166224,-0.113963569175189,-0.106348161189612,0.0111389402412878,0.0887999193511134,0.0935307431479872,0.0268702380997031,-0.0108796230313094,0.0891597686979153,0.0637860083917439,0.0121803322501011,-0.110190204291669,6.33751160884977e-05,-0.132586680213353,-0.058709527838448
"SWC3_DELETION",-0.0370579382527629,0.00620638817148484,-0.0365590643681835,-0.0425169853237135,0.167417657704239,0.0100212667090452,-0.0239024584370363,-0.0417595994002108,0.070712914931893,-0.183302121736225,-0.0550097449222114,0.0946880690694156,0.0513614502018412,0.0749463522479342,-0.0328727643505265,-0.0473207949186531,0.119436653537108,0.0371645919839304,0.074363470496037,0.00541289110810705,0.113894936685101,0.0252791481472376,NA,NA,-0.0411755034242663,0.0240785657963181,-0.0164155088022025,-0.144102588552044,-0.00779271831681386,0.0498753803615194,-0.14263250620072,-0.122973089922528,-0.102999845618019,0.0169037710392792,-0.122578266075285,-0.0549834238169657,-0.0570377664740777,0.0694244050434708,-0.0138277801734931,-0.0276943546448311,-0.0610092802335229,0.00272522868895484,0.0185411532541346,0.0170069159445109,-0.0439177246573412,0.0872181517183417,0.0554529980862274,0.0393782251695765,-0.174025475429974,-0.0476899200858378,NA,0.118728686182031,-0.0203874770184198,0.210614892862498,0.158897124439241,0.0355261227784713,0.103445770877881,0.070479198059217,-0.0798501006429609,0.047296121590355,-0.132206148361106,0.0788369532677029,0.000238547136031023,-0.0223308937461375,0.146747861562266,0.0376379209609132,0.059279609769353,0.280249714473533
"SWC5_DELETION",0.0322757408892693,-0.0531438225153427,-0.038844186328714,-0.0319962577863371,0.255245216105056,-0.0385847933132323,-0.0393198707058887,0.0781115997205729,-0.0891191352318863,-0.032214663445999,0.0313376666075006,0.125859169448737,0.221576213587386,0.144417069438881,-0.0929211751511651,0.138710673913482,-0.052337658803707,-0.0790653179829005,-0.0333569065964992,-0.0437560109153457,0.0184888675272795,0.0532081587803651,NA,NA,-0.129984821193919,-0.0116669923364387,0.00996672188595151,0.0835322736361351,0.0321702132765152,0.00101953967520027,0.0130133669823339,-0.128213075416855,-0.00580496754683738,0.136748331369549,-0.00765898083899685,0.00891807473056184,-0.115727484142089,0.0530545460418909,-0.058050607401459,-0.0228015203750113,-0.11367014492232,-0.0857668908635683,0.0140752974829383,-0.0607291052167143,0.030244941321347,0.0429660463100495,0.128284786934685,-0.0326243522673128,-0.167037617361852,-0.0671150446779206,0.118728686182031,NA,-0.0444164002726795,0.260465067420634,0.218039912079284,-0.0203964515134314,0.00928442935085359,-0.0122044392631983,-0.112725309903706,0.0346109505329192,-0.0815676510392139,-0.0123527304547264,-0.0143242507709403,-0.0903924413583754,0.179971815225526,0.00938819378706585,0.210348073344912,0.0888166881748208
"SWC7_DELETION",-0.0220722406475981,0.0996014366110547,-0.0364183259481978,0.0423492008873922,-0.0574241904100423,0.0215486347145421,0.0485120686222482,0.0379631719732237,0.100992669285632,0.0558334201588566,-0.117688554160472,-0.073346245800704,0.0336132291538313,0.0208987534039685,0.0335130739934505,-0.0245789366827992,-0.057288224869579,0.0378890926472211,0.0362024617561628,-0.05046916301527,0.100522268540158,0.129991412259084,NA,NA,0.110195938319997,0.0181725233931115,-0.0192434835477388,0.0313420642647879,-0.0851001855942247,0.0789953066535288,-0.0772303221790786,0.0133698548673317,0.152127462591537,-0.114602971463036,-0.0139631540362651,-0.0923739670092685,-0.0265472811900751,0.0333555744853661,0.194860874106696,-0.003253468730278,0.0480707134140687,-0.182557835751738,0.0684417472644313,-0.019622423581468,0.0902457005009725,0.235768639907552,-0.0517339558335236,0.0951858783119502,0.246380395096517,-0.059466367460869,-0.0203874770184198,-0.0444164002726795,NA,-0.0187536132922211,-0.046476468783087,-0.0297546509361797,-0.0523819852854882,-0.20770441455237,0.0916492595110121,-0.141614419375422,0.0640865715817402,0.0633541462619233,0.152180707244236,0.0620926001341799,0.219337639696192,0.0141520762825558,-0.0890426696760226,0.124112118499382
"SWR1_DELETIONCLONE1",0.142284059522439,0.112253709534698,0.0779479259889258,0.0667086032632898,0.445261560143097,0.0610091566065111,0.108577850659737,0.0835256693287113,-0.0626070396501197,-0.0896622214612846,-0.0359052134361429,0.272084172604423,0.0554650692328355,0.251072590736893,-0.0399630123391509,0.0340004683970835,0.0185454931961297,-0.0949755573947695,0.0222709980711499,-0.119191842239673,0.00155153638569445,0.00825898747920359,NA,NA,-0.110881658867725,0.179661843898479,0.00748716966126292,0.00563947993181071,0.0740761140230731,0.178661754585181,-0.0465587419008994,-0.0220997103215484,-0.0590314987012686,0.0446440443482115,0.0107817510882621,-0.0381940126880861,-0.111424432571968,0.164677423178412,0.093146044882668,-0.118619844575127,-0.0641416784579803,-0.115406562946081,0.0002061708985418,0.0366121500032762,-0.0106546728850439,-0.0799983095253534,0.148582232239491,0.0641093398408123,-0.138389069886768,-0.108518511166224,0.210614892862498,0.260465067420634,-0.0187536132922211,NA,0.527007142753537,-0.0703127551592494,-0.0271546419724238,-0.0781178343857188,-0.115049859953143,-0.0495204710299924,-0.28220234305818,0.083499551971203,0.0118676541835284,-0.181977109204438,0.300305304419686,0.155293359255802,0.415691614163366,0.109540827138729
"SWR1_DELETIONCLONE2",0.0858569017157551,0.0237388856125936,-0.0786432835658577,0.0384767597938484,0.362000244508644,-0.0246691936552398,0.0203358476503882,0.0256596564183786,-0.0753873266232902,-0.0413165214007449,-0.00471981448763399,0.136727918617858,0.115308749386894,0.129461092132162,0.000287480714119382,0.0530954529746452,-0.0049592646081269,-0.0423972474481752,0.0481126168466469,-0.133308394403532,-0.00363911130246344,-0.0438477699126099,NA,NA,-0.153899825768832,0.0720795687678677,-0.0374561758890329,-0.013853867816116,0.110496494980323,0.105822609523686,0.0274843657521039,-0.0430847442832268,-0.0701568330107695,0.0579114142073539,0.02294395906855,-0.00898145584470251,-0.0720979994228926,0.173116668989443,0.000730632269039124,-0.116529306888014,-0.0782594088501219,-0.0553260703646582,-0.0315957818461253,0.0100958673148432,0.00343764076432245,-0.180865318013233,0.160893676413017,0.0281326497855473,-0.154162190179552,-0.113963569175189,0.158897124439241,0.218039912079284,-0.046476468783087,0.527007142753537,NA,-0.111309444782174,-0.112112064070391,-0.000671674368614859,-0.126368862470737,-0.0157193534037536,-0.169496673042492,0.138310869112244,0.0331011009538764,-0.119612551690756,0.288195652530838,0.0785637150414499,0.473974466390894,0.0458321446989775
"TCO89_DELETION",-0.0663663731757506,-0.0199389588441621,0.117998258096841,0.0166163840738943,-0.0904784897449998,0.0334057596575524,0.0567528070196594,-0.0581936996023789,-0.0172688932609963,-0.0596523099330489,-0.0419781590966095,0.0145654754773566,-0.0668019331196645,0.0615901829654084,-0.0902628313463442,0.0414746336177625,-0.136263971408798,0.0792228143833634,-0.0606034506997686,0.0361632390697875,0.0904325245111844,-0.117412562831614,NA,NA,-0.0036438984976407,-0.00958447838003305,0.0618163932999404,0.053580162336387,-0.117055614952808,0.0826270011707521,-0.0792814987617939,-0.113279919212077,-0.00335208769051411,-0.0496241445752608,-0.129940658708097,-0.0833072809218186,0.211936364124677,-0.211416219442051,-0.24610442147018,0.0162610285112391,0.132648662704043,0.0552939671984842,-0.0308664150520385,-0.0405526371675968,-0.044959377695646,0.0609664538965967,-0.147284781300327,-0.0551691479131426,0.0320032588390889,-0.106348161189612,0.0355261227784713,-0.0203964515134314,-0.0297546509361797,-0.0703127551592494,-0.111309444782174,NA,0.0596153624841763,-0.0147862528558255,0.0101283338437002,-0.0562415003268262,0.215334152531457,-0.120939259256892,-0.204113635340179,0.06262866201443,-0.0914466673949746,-0.202865832251196,-0.142721110409235,0.0431750689446771
"TOR1_DELETION",-0.119378760816027,-0.0389586076016622,-0.0108787618717004,-0.0205235173617422,0.0896965696553669,0.0243942809238149,-0.0282504338953991,-0.0289524437012036,0.0839411962344909,-0.0238060933478007,0.0317306093380549,0.0787396897538738,-0.0053516513073341,0.0698313302700634,-0.147001556618223,0.0440716186742151,-0.038188855657737,0.0266776990644924,-0.150712133745513,0.143679886576911,0.0649907121567928,-0.0360262498228498,NA,NA,0.0141192910559133,-0.0546661153559876,-0.024465818474044,-0.0761233625682902,-0.0495989947060206,0.139717557793603,0.112881547464352,0.1363021728989,0.162877592124237,-0.0870928662480104,0.0870881483158014,-0.0743271981774902,0.0451311337260951,-0.0406947074075768,-0.0814883756835287,0.0308260171581526,0.0569018372915803,0.0521339739312714,-0.0883881855509779,-0.0775048880270798,-0.084899150064889,0.147293527057216,-0.0773343282984048,-0.00883443503377921,0.0234869041587586,0.0111389402412878,0.103445770877881,0.00928442935085359,-0.0523819852854882,-0.0271546419724238,-0.112112064070391,0.0596153624841763,NA,0.017537657356798,0.0486493388779167,-0.0203793799178204,-0.0363561974479362,-0.125287037186205,-0.0766120795835508,0.0194467699150745,-0.146588262290813,-0.130503838584506,-0.124922182299398,0.00245238438896298
"TOR2_DAMPCLONE1",-0.131709706045644,-0.342864517780562,-0.308142257601141,-0.384141553954002,0.0832058995095894,-0.258885837698204,-0.316123890948949,-0.201861883772286,0.00588340583784516,-0.0772184476044264,0.0998998227473695,-0.21267436747845,0.0352658939548155,-0.219572718919396,-0.0737049685748848,0.029874827489468,0.0645481257786824,0.0388016808770894,-0.0529743600699552,0.35910223085638,0.139420470152693,0.199479516247501,NA,NA,0.0604556246809795,-0.24400686766602,0.00132159518517579,-0.099905377816707,-0.0142940073886129,-0.224217289232524,-0.0206289462590275,-0.0487131123674159,-0.182618396957989,0.023255641548833,-0.121981936210237,-0.00920344641849632,0.0241431944333154,0.0894268694769925,-0.0807357150467855,0.0755053188718612,0.0452381337759386,0.212414974586058,-0.127963101637409,-0.166355671480879,-0.0859955757246022,-0.153336074365391,0.015265653120293,-0.0724698654072914,-0.0200080991920268,0.0887999193511134,0.070479198059217,-0.0122044392631983,-0.20770441455237,-0.0781178343857188,-0.000671674368614859,-0.0147862528558255,0.017537657356798,NA,0.271789296216726,0.244909817489672,0.0645857912603281,0.183052207951047,0.207905161808931,0.163388326964504,-0.161666534756809,-0.0219438519818719,-0.122607799017771,0.0350215691476826
"TOR2_DAMPCLONE2",-0.0416029187298501,-0.117838234309998,-0.145152589185801,-0.19636283531703,-0.11530537276931,-0.0663606143731245,-0.0590618645028516,0.00683473325124422,-0.042943728416195,-0.0256899693958063,-0.230756622180336,-0.237961762900345,-0.00114711124556804,-0.115274972951007,-0.0286292766944565,-0.0671228668257379,-0.0568781297378236,0.186940583649833,-0.0223060475622452,0.382201451727856,0.144532010885008,0.269193987240683,NA,NA,0.286635945239767,-0.060634236004843,0.0671054186860808,-0.0116766254780978,-0.0798899609688283,-0.0628314682309214,0.0148049465245634,0.0914520273645756,-0.0822642962500111,-0.069996069149683,-0.129457912134552,-0.00464376157000138,0.00721778214703519,0.0294893668619421,0.135952886356558,-0.0406038666207796,0.169603010900978,0.00792977939346077,-0.0222824159425894,-0.0141894676180201,-0.0220826408474994,0.0960580102770111,-0.131532698370273,0.020924983404712,0.164992286609586,0.0935307431479872,-0.0798501006429609,-0.112725309903706,0.0916492595110121,-0.115049859953143,-0.126368862470737,0.0101283338437002,0.0486493388779167,0.271789296216726,NA,-0.0753842285585376,0.176660242159278,-0.0170572347125561,0.178911383921731,0.0829839778158876,-0.130176200943463,0.0648458211036093,-0.17390652949968,0.0594421569962539
"TOR2_DELETIONANOSENS",-0.0979312783181796,-0.305218606969781,-0.203306485819313,-0.268259695687221,-0.0360323421536487,-0.173580539343578,-0.250069423404573,-0.124335265259027,0.104963185288052,0.00575657102286835,0.0833318933727248,-0.0905868122379412,0.00330801827532632,-0.287219412698831,-0.0750899318542549,-0.013735322381356,0.0759950999523639,0.0335962818995896,-0.00838866815193337,0.247304495930116,0.0532128096208866,0.260463293784546,NA,NA,0.0979135862821593,-0.195329850823985,-0.0416147168398404,-0.0965647366144813,-0.00233985256551324,-0.164784670711691,-0.153726774957767,-0.149651664534167,-0.0447796418048957,0.0203830239199348,-0.0428612837460549,0.0264539361524434,-0.0815999653462994,-0.0137808074395137,-0.0395822913184892,0.0321353969351538,0.0571502288669482,0.0438090162016279,-0.0192625878630871,-0.185269627226747,-0.0817256787519186,-0.00184827234909277,-0.0158004119387529,-0.0253048096219749,-0.0594070484951823,0.0268702380997031,0.047296121590355,0.0346109505329192,-0.141614419375422,-0.0495204710299924,-0.0157193534037536,-0.0562415003268262,-0.0203793799178204,0.244909817489672,-0.0753842285585376,NA,-0.0430140287882085,-0.00453931428508039,0.00502886809172579,0.0551332327702187,-0.057611885131144,0.156233965756073,-0.0945457874814458,0.0847529318326676
"TPK1_DELETION",-0.171269182452223,-0.0451601165920098,0.00379938036104959,0.00817198699591424,-0.170622517943134,0.0174520445888971,-0.0266829949418718,-0.0655256786093485,-0.0492253434614832,0.0486357618520277,-0.0223012452023475,-0.227509915901434,0.0354594262979128,-0.14408099196038,-0.155229992406706,0.104650846911888,-0.130390304853714,0.213129227910226,-0.055804279654272,0.125108990948551,0.00309254102615765,-0.0900704993262297,NA,NA,0.00464155583482158,-0.12160894492623,0.0474505488666012,0.0355194711581572,-0.156885400169314,-0.0426352185248549,0.0752436886456499,-0.0722169770039891,-0.0327739282934509,-0.0272630149938993,-0.219060233793309,-0.102253718778994,0.401142700196421,-0.255264183106862,-0.204767568603861,-0.0610864121950939,0.0647063163286421,0.131544346530494,-0.0655132313618163,-0.142150439029306,-0.0507575430765898,0.0182553824906931,-0.246530118402913,-0.081626880677345,0.213070452047483,-0.0108796230313094,-0.132206148361106,-0.0815676510392139,0.0640865715817402,-0.28220234305818,-0.169496673042492,0.215334152531457,-0.0363561974479362,0.0645857912603281,0.176660242159278,-0.0430140287882085,NA,-0.139629482820653,-0.0528359773576569,0.149351523185766,-0.106113888074753,-0.157541503896465,-0.153745641376947,0.0387651144780604
"TPK1_DELETIONCLONE1",-0.0250550283270016,-0.114251939768486,-0.17458119991251,-0.121881410396624,0.0482957798619105,-0.159494505918165,-0.118937929510685,-0.0481672301770523,0.0408015608669366,0.0356914375674355,0.0367484977619277,-0.0169120427675081,-0.0580713066650369,-0.0441708850249848,0.0671711835008622,0.0124949022133741,0.0433903240137281,-0.0152914627860437,0.0725900269319022,-0.0378485008321164,0.034414368920836,0.0156180749271513,NA,NA,-0.00722673187252641,-0.0303818195982042,0.0151994255676369,0.00785108607373999,0.0684631130688352,-0.132419630483855,-0.0220696163821098,-0.00211119217012821,-0.0522780948152662,-0.0061152945929991,0.127643301361773,0.0461396016731624,-0.13991909439465,0.211953542397466,0.187389888954403,0.0104897701128667,-0.021147119116565,-0.00120433608225337,-0.0147801312006688,-0.000429219718256537,-0.0324572953170538,-0.121313781083062,0.0578277359165127,0.00132339542674113,0.0158628218019148,0.0891597686979153,0.0788369532677029,-0.0123527304547264,0.0633541462619233,0.083499551971203,0.138310869112244,-0.120939259256892,-0.125287037186205,0.183052207951047,-0.0170572347125561,-0.00453931428508039,-0.139629482820653,NA,0.525052561631305,0.025715574548745,0.0158815322004723,0.0776036426382506,0.00212171266233878,-0.0110846432264786
"TPK1_DELETIONCLONE2",-0.0793795679472851,-0.242329633794747,-0.28521050608268,-0.309903338907178,0.0496917332089224,-0.218306449207653,-0.185713800746001,-0.143162686911384,-0.0550616684774565,0.0463312274396207,-0.0929927395900206,-0.204597446052147,-0.0048688030505308,-0.148510307068987,-0.0181175733925784,-0.103492623418939,-0.071977594816965,0.0176724606573294,-0.0445307196074011,0.101288630914988,0.00650933100595934,0.158570750569203,NA,NA,0.13505904189337,-0.129674783815774,-0.0425121059545946,-0.0364888838138212,-0.0857279773490913,-0.155011132121385,-0.0705083289578658,-0.00733552529740818,-0.0491556658682767,-0.0133839626491385,0.0888313476931341,-0.0407683141559312,-0.144981410105682,0.210582021614574,0.282199365612465,0.0662176746683976,0.045348876792233,0.036342782094512,-0.0613377988492252,-0.126399827338673,-0.00960726025826448,-0.0316960393420987,0.0762031159710903,0.0378298302414591,0.105454881214304,0.0637860083917439,0.000238547136031023,-0.0143242507709403,0.152180707244236,0.0118676541835284,0.0331011009538764,-0.204113635340179,-0.0766120795835508,0.207905161808931,0.178911383921731,0.00502886809172579,-0.0528359773576569,0.525052561631305,NA,-0.0114530428580405,-0.0158130304594179,0.12515614844973,-0.0392770388598735,0.0413494333295179
"TPK3_DAMP",-0.147262522414434,-0.126791871029579,-0.0631230261287443,-0.0598335456433542,-0.0329125480736883,-0.0285614454065597,-0.0518471984388345,-0.105532425250597,0.0872480980129676,0.0962550670998469,0.0311672345077093,-0.117837482363319,-0.000214405172226673,-0.119060906847506,-0.110611750737658,0.0523484201145367,0.0168797160323387,0.040427131094413,-0.0953077414162154,0.0528933200974662,-0.0264658939440925,0.0309534786721036,NA,NA,-0.00483122900202335,-0.0754879333772089,0.0628242184943871,-0.0820303775851226,0.0159228689194492,-0.115642785502014,0.0339388234272011,0.113170816148173,-0.0642463169372392,0.000288596157595038,-0.171779123749158,-0.0616780751235825,0.154394024185702,-0.0101182402978306,-0.0620097827853733,0.0438288895499434,0.0445840865099987,0.0137669767770492,-0.0963704072059031,-0.12249162822671,-0.0505012236532435,0.0410789098874315,-0.142551666501709,-0.00770922160620702,0.171414324842707,0.0121803322501011,-0.0223308937461375,-0.0903924413583754,0.0620926001341799,-0.181977109204438,-0.119612551690756,0.06262866201443,0.0194467699150745,0.163388326964504,0.0829839778158876,0.0551332327702187,0.149351523185766,0.025715574548745,-0.0114530428580405,NA,-0.133245965706929,-0.0682182748736775,-0.174122047792075,-0.0276836286507038
"VPS71_DELETION",0.104474094310395,0.105643871311142,-0.00237030696167512,0.116878350255701,0.186925620775034,0.0573503527542944,0.0830042560747536,0.0529408833999454,0.0547245360036674,-0.115510780423922,-0.0483391544326562,0.18371818807657,0.135429612132914,0.149051238153059,-0.03640175604745,0.0724335633570203,-0.0783016297408631,-0.039428815856429,0.0387342527997198,-0.1546243065163,0.0598268296311861,0.0520208747769831,NA,NA,-0.197188531013259,0.129697631937268,0.0222231839645715,0.0388171592861958,-0.00632091603006648,0.140756947045505,-0.0511792289326923,-0.120336685602929,0.000549208499644652,0.0329716899946421,-0.000636355662052983,0.0615257307524217,-0.0274483222982135,0.0425531938275816,0.0882325524648052,-0.191880467066642,-0.177012381371958,-0.159933997681086,0.13866023990179,0.019048160554105,0.0508553644509577,0.015047431273063,0.0806573180926265,0.111987824090456,-0.154230163813259,-0.110190204291669,0.146747861562266,0.179971815225526,0.219337639696192,0.300305304419686,0.288195652530838,-0.0914466673949746,-0.146588262290813,-0.161666534756809,-0.130176200943463,-0.057611885131144,-0.106113888074753,0.0158815322004723,-0.0158130304594179,-0.133245965706929,NA,0.064234525290706,0.348216752655395,0.216497664541536
"VPS72_DELETION",0.0792938457577275,-0.00483981905837685,-0.0736128860800503,-0.0149693816282121,-0.0281050854502465,0.0244171243702216,0.017549637872753,0.0722219455905502,-0.0639426080935513,-0.0240825275683521,-0.343623074471634,0.114638644072767,-0.00509815636215499,0.0783986169808838,0.0897572897031774,-0.207197973469016,0.0929573984135335,-0.0738661766033549,0.0344678468087583,-0.0247989380836215,-0.0809650916592425,0.152008961648548,NA,NA,0.194702770578783,0.158661662544295,-0.0224351677222627,0.0601996965747934,0.094850920225641,0.0421774527622893,-0.115754567182908,-0.141048677653486,-0.192101559292828,0.0412419310305957,-0.0354250790686901,0.0257305168248022,-0.435623827083824,0.203848251115689,0.19592216523456,0.129133109797821,0.0119202508276138,-0.169254582604402,0.00524415577100838,0.0783241449786281,-0.00746303073610316,-0.00625809784320741,0.0763175307951032,0.131498494725759,-0.0164044835817553,6.33751160884977e-05,0.0376379209609132,0.00938819378706585,0.0141520762825558,0.155293359255802,0.0785637150414499,-0.202865832251196,-0.130503838584506,-0.0219438519818719,0.0648458211036093,0.156233965756073,-0.157541503896465,0.0776036426382506,0.12515614844973,-0.0682182748736775,0.064234525290706,NA,-0.00286678783757185,0.0779970093141758
"VPS72_DELETION2",0.095358724409802,0.0975592697962523,0.0196849374874697,0.105062605585996,0.349513373319212,-0.0129457578742447,0.0466531329332917,0.0634252240723261,-0.0949511025080005,0.0439286002654623,0.102762229701828,0.197689693588765,0.056388181707304,0.153578889665949,-0.00716406298006257,0.0842454742073661,-0.0653851764073041,-0.174146473669003,-0.0484788219247779,-0.172692660230498,-0.118493369619701,-0.167717484444615,NA,NA,-0.273051601953824,0.098089942828662,-0.0229680682077761,0.0987959380457277,0.0300909651205745,0.0923783876074611,0.134960037124233,0.0157304115139295,0.12008310048781,0.0899273054632321,0.154459201530137,0.055285712929784,0.00675383991454803,0.091060647107136,0.0327334530839892,-0.14242802397013,-0.252296660334412,-0.0755490198807471,0.0142756445422808,0.00343307745241121,0.110991384823651,-0.135670835288769,0.121928140509261,0.028533161489105,-0.19684170379963,-0.132586680213353,0.059279609769353,0.210348073344912,-0.0890426696760226,0.415691614163366,0.473974466390894,-0.142721110409235,-0.124922182299398,-0.122607799017771,-0.17390652949968,-0.0945457874814458,-0.153745641376947,0.00212171266233878,-0.0392770388598735,-0.174122047792075,0.348216752655395,-0.00286678783757185,NA,0.0344911112372542
"VPS72_YL1C",0.0334555829965034,-0.0794773645282189,-0.100446376653383,-0.0875072420151759,0.0565850570968903,0.0174077219420572,-0.0689687015729276,-0.0956980601185915,0.0853612953941113,-0.14531833027772,0.00748369750454309,0.0313643073559371,0.00472040012886432,-0.047943474045898,-0.0278980263010559,-0.00728649612432688,-0.0232363206926738,0.0472653850498978,0.0686029128595763,0.109848486182304,0.181610300112628,0.159779961529189,NA,NA,0.090827815229436,-0.0628133340049439,-0.0289648204250426,0.0125102802708678,-0.079698241490349,-0.00775615289946566,-0.158725693332165,-0.262616855810595,-0.127379971976216,-0.0408157703179911,-0.173785983536794,-0.00135316893764646,-0.0277092274335718,-0.035348600552857,0.0653471111525787,0.0107915020249707,-0.022574629361708,0.0928850582199153,0.21184206834039,-0.088521139803263,0.0129949234983851,0.161030131280946,-0.0189866362696663,0.0793330041671818,-0.1003297277396,-0.058709527838448,0.280249714473533,0.0888166881748208,0.124112118499382,0.109540827138729,0.0458321446989775,0.0431750689446771,0.00245238438896298,0.0350215691476826,0.0594421569962539,0.0847529318326676,0.0387651144780604,-0.0110846432264786,0.0413494333295179,-0.0276836286507038,0.216497664541536,0.0779970093141758,0.0344911112372542,NA
